{
    "learning_rate": 0.00030386087977161573,
    "gamma": 0.9650797105054421,
    "gae_lambda": 0.936123066469635,
    "clip_range": 0.2407139477519057,
    "ent_coef": 0.0015320467336528416,
    "vf_coef": 0.9096897152894949,
    "max_grad_norm": 0.5801155379298897,
    "n_epochs": 11,
    "n_steps": 2048,
    "batch_size": 256
}